Apple_iPhone_7_Plus,1,256,4,2.2,3,5.5,12,256.40025351,TOP
Apple_iPhone_7,1,256,4,2,2,4.7,12,256.372950991,TOP
Motorola Moto_Z_Force,1,200,4,2.2,4,5.5,21,201.268700994,TOP
Motorola Moto_X_Play,2,128,8,1.4,2,5.5,21,130.112297651,TOP
Motorola Moto_X_Style,2,128,6,1.6,3,5.7,21,130.034803034,TOP
Motorola Moto_Maxx,1,128,4,2.7,3,5.2,21,129.943564673,TOP
Xiaomi_Mi_Max_128GB,2,128,8,1.6,4,6.44,16,129.491442188,TOP
Xiaomi_Mi_Mix,2,128,4,2.4,4,6.4,16,129.316356274,TOP
Xiaomi_Mi_5_Exclusive_Edition,2,128,4,2.2,4,5.15,16,129.256963062,TOP
Motorola Moto_G4_Plus,2,128,4,1.4,2,5.5,16,129.213815051,TOP
Xiaomi_Mi_6,2,128,8,2.2,6,5.15,12,129.086647257,TOP
Lenovo_ZUK_Z2_Pro_128GB,2,128,4,2.2,6,5.2,13,128.999534883,TOP
Motorola Moto_G5_Plus,2,128,8,2,2,5.2,12,128.961389571,TOP
AsusZenFone_Zoom,2,128,4,2.5,4,5.5,13,128.939908485,TOP
Motorola Moto_G5,2,128,4,1.3,2,5.0,13,128.855306449,TOP
Apple_iPhone_6s_Plus,1,128,2,2,2,5.5,12,128.729367279,TOP
Apple_iPhone_6s,1,128,2,1.8,2,4.7,12,128.694716286,TOP
Apple_iPhone_6_Plus,1,128,2,1.4,1,5.5,8,128.398637064,TOP
Apple_iPhone_6,1,128,2,1.4,1,4.7,8,128.366857093,TOP
Asus_P552W,1,128,1,0.6,0.12,2.8,2,128.055512962,TOP
Asus_P550,1,64,1,0.52,64,3.5,2,90.6119219529,TOP
Asus_P735,1,64,1,0.52,64,2.8,2,90.5875841382,TOP
Asus_ZenFone_3_Ultra,2,64,8,1.6,3,6.8,23,68.9260473261,TOP
Asus_ZenFone_3_Deluxe,2,64,4,2.2,6,5.7,23,68.6901011791,TOP
Xiaomi_Mi_Note_2,2,64,4,2.4,4,5.7,22.5,68.3849398625,TOP
Lenovo_Phab2_Pro,2,64,8,1.6,4,6.4,16,66.9292163408,TOP
Asus_ZenFone_3_(tela_5.5),2,64,8,2,4,5.5,16,66.8599282082,TOP
Xiaomi_Redmi_Note_4_64bg,2,64,10,1.8,3,5.5,13,66.4190484726,TOP
Xiaomi_Mi_Note_Pro,2,64,8,1.8,4,5.7,13,66.2172938136,TOP
Xiaomi_Redmi_Note_4X,2,64,8,2,4,5.5,13,66.2061175421,TOP
Lenovo_Zuk_Edge,2,64,4,2.4,6,5.5,13,66.0076510717,TOP
Xiaomi_mi_5s_Plus,2,64,4,2.4,4,5.7,13,65.8729838401,TOP
Lenovo_Zuk_Z2,2,64,4,2.2,4,5,13,65.8091179093,TOP
Asus_Padfone_2,1,64,4,1.5,2,4.7,13,65.653179664,TOP
Xiaomi_mi_5s,2,64,4,2.2,3,5.15,12,65.5771492214,MEDIAN
Apple_iPhone_SE,1,64,2,1.8,2,4,12,65.3317686887,MEDIAN
Apple_iPhone_5S,1,64,2,1.3,1,4,8,64.6814502002,MEDIAN
Apple_iPhone_5,1,64,2,1.3,1,4,8,64.6814502002,MEDIAN
Apple_iPhone_4S,1,64,2,1,0.5,3.5,8,64.6413180559,MEDIAN
Asus_Zenfone_3_Max_(tela_5.5),2,32,8,1.3,3,5.5,16,37.2684853462,MEDIAN
Lenovo_Vibe_K6_Plus,2,32,8,1.3,3,5.5,16,37.2684853462,MEDIAN
Asus_Zenfone_3_Max_(tela_5.5)_2_GB_RAM,2,32,8,1.3,2,5.5,16,37.2013440617,MEDIAN
Xiaomi_Mi_Max_32GB,2,32,6,1.8,3,6.4,16,37.0567132919,MEDIAN
Lenovo_P2,2,32,8,2,3,5.5,13,36.1144015595,MEDIAN
Asus_ZenFone_Selfie,2,32,8,1.4,3,5.5,13,36.0861469265,MEDIAN
Lenovo_Vibe_P1_Turbo,2,32,8,1.3,3,5.5,13,36.0824056848,MEDIAN
Xiaomi_Redmi_4_Pro,2,32,8,2,3,5,13,36.0416425819,MEDIAN
Lenovo_Vibe_S1,2,32,8,1.7,3,5,13,36.0262404367,MEDIAN
Asus_Zenfone_3_Laser,2,32,8,1.3,2,5.5,13,36.0130531891,MEDIAN
Xiaomi_Redmi_3S,2,32,8,1.3,3,5,13,36.0095820581,MEDIAN
Lenovo_Vibe_K6,2,32,8,1.3,2,5,13,35.9400890372,MEDIAN
Lenovo_Vibe_K6_Power,2,32,8,1.3,2,5,13,35.9400890372,MEDIAN
Lenovo_Phab2_Plus,2,32,4,1.3,3,6.4,13,35.5619178335,MEDIAN
Asus_ZenFone_2_32GB,2,32,4,2.3,4,5.5,13,35.5603712017,MEDIAN
Lenovo_P90,1,32,4,1.8,2,5.5,13,35.3198244616,MEDIAN
RIM_BlackBerry_Passaport,1,32,4,2.2,3,4.5,13,35.271660012,MEDIAN
Apple_iPhone_3G_S,1,32,1,0.6,0.25,3.5,3.15,32.3820166142,MEDIAN
Apple_iPhone_4,1,32,1,1,0.5,3.5,2,32.3032506104,MEDIAN
Asus_ZenFone3,2,16,8,2,2,5.2,16,24.8,MEDIAN
Xiaomi_Redmi_Note_3_Pro,2,16,6,1.8,2,5.5,16,24.2794151495,MEDIAN
Xiaomi_Redmi_Note_4,2,16,10,1.8,2,5.5,13,23.801050397,MEDIAN
Motorola Moto_X_Force,2,2,8,1.8,3,5.4,21,23.5457002444,MEDIAN
Xiaomi_Redmi_Note_3,2,16,8,2.0,2,5.5,13,23.0488611432,MEDIAN
Lenovo_K5_Note,2,16,8,1.8,2,5.5,13,23.0323685278,MEDIAN
Lenovo_Vibe_K5,2,16,8,1.4,2,5,13,22.8901725638,MEDIAN
Xiaomi_Mi_4C,2,16,6,1.6,2,5,13,22.2836262758,MEDIAN
Asus_ZenFone_Go_Live,4,16,4,1.5,2,5.5,13,22.2148598915,MEDIAN
Asus_ZenFone_2_ZE550ML,2,16,4,1.8,2,5.5,13,21.9656550096,MEDIAN
AsusZenFone_2_Laser,2,16,4,1.2,2,5.5,13,21.9246436687,BAD
Xiaomi_Redmi_4A,2,16,4,1.4,2,5,13,21.8165075115,BAD
Asus_ZenFone_Go_ZB500KL,2,16,4,1,2,5,13,21.7944947177,BAD
Lenovo_S850,2,16,4,1.3,1,5,13,21.7414350952,BAD
Motorola Moto_Z_Play,2,2,8,2,3,5.5,16,19.267848868,BAD
Lenovo_Vibe_P1m,2,16,4,1,2,5,8,19.2353840617,BAD
Xiaomi_Redmi_2_Pro,2,16,4,1.2,2,4.7,8,19.1710719575,BAD
Lenovo_Vibe_C2,2,16,4,1,1,5,8,19.1572440607,BAD
Xiaomi_Redmi_Note,1,8,8,1.7,2,5.5,13,18.3068293268,BAD
Xiaomi_Redmi_Note_4G,1,8,4,1.8,2,5.5,13,16.9555300713,BAD
Apple_iPhone_3G,1,16,1,0.4,0.12,3.5,2,16.5657598679,BAD
Apple_iPhone_2G,1,16,1,0.4,0.05,3.5,2,16.5654006894,BAD
Lenovo_A7000,2,8,8,1.5,2,5.5,8,15.247950682,BAD
Motorola Moto_Z,2,2,2,1.8,4,5.5,13,15.1818971147,BAD
Lenovo_A3690,2,8,4,1,1,5,8,13.2287565553,BAD
Asus_ZenFone_5,2,8,2,1.2,2,5,8,12.9011627383,BAD
Asus_PadFone_Mini_(Intel),2,8,2,1.6,1,4,8,12.4723694621,BAD
Apple_iPhone_5C,1,8,2,1.3,1,4,8,12.3162494291,BAD
Lenovo_Vibe_B,2,8,4,1,1,4.5,5,11.4564392374,BAD
RIM_BlackBerry_Porsher_design_P9981,1,8,1,1.2,0.75,2.8,5,10.042036646,BAD
RIM_BlackBerry_Bold_Touch_9930,1,8,1,1.2,0.75,2.8,5,10.042036646,BAD
RIM_Blackberry_Bold_9900,1,8,1,1.2,0.75,2.8,5,10.042036646,BAD
RIM_BlackBerry_Bold_9790,1,8,1,1,0.75,2.45,5,9.92799073328,BAD
RIM_BlackBerry_Torch_9860,1,4,1,1.2,0.75,3.7,5,7.66110305374,BAD
RIM_BlackBerry_Curve_9380,1,0.5,1,0.7,0.5,3.2,5,6.18304132284,BAD
RIM_BlackBerry_Torch_9800,1,0.25,1,0.6,0.5,3.2,5,6.15731272553,BAD
RIM_BlackBerry_Bold_9780,1,0.5,1,0.6,0.5,2.44,5,5.81494625942,BAD
RIM_BlackBerry_Storm_9500,1,1,1,0.5,0.12,3.25,3.15,4.87333561331,BAD
RIM_BlackBerry_9700_Onyx,1,0.25,1,0.6,0.25,2.44,3.1,4.24836439115,BAD
RIM_BlackBerry_Pearl_9100,1,0.25,1,0.6,0.25,2.25,3.1,4.14216127161,BAD
RIM_BlackBerry_8310_Curuve,1,0.06,1,0.3,0.06,2.5,2,3.5138582783,BAD
